Üst Parça (Parent);Alt Parça (Child);Miktar;uretim_sekli;malzeme;malzeme_ebat;alt_kod;revizyon;tarih
TEKRMD_M1;DIN7380;1;;;;;01;1.01.2021
TEKRMD_M1;M1WHRN07;2;Assembly (Montaj);N/A;N/A;N/A;01;1.01.2021
TEKRMD_M1;DIN127;30;;;;;01;1.01.2021
TEKRMD_M1;M2WHAN02;2;Assembly (Montaj);N/A;N/A;N/A;01;1.01.2021
M2WHAN02;DIN931;1;;;;;01;1.01.2021
M2WHAN02;M1WHRN02;1;Off the shelf (Hazır);N/A;N/A;N/A;01;1.01.2021
M2WHAN02;DIN985;1;;;;;01;1.01.2021
M2WHAN02;DIN127;1;;;;;01;1.01.2021
TEKRMD_M1;M2T1AN01;1;Assembly (Montaj);N/A;N/A;N/A;01;1.01.2021
M2T1AN01;DIN7991;8;;;;;01;1.01.2021
M2T1AN01;DIN127;2;;;;;01;1.01.2021
M2T1AN01;DIN933;2;;;;;01;1.01.2021
M2T1AN01;DIN985;2;;;;;01;1.01.2021
M2T1AN01;M3T2PB09;2;Cataphoresis (Kataforez);N/A;N/A;M3T2MN09;01;1.01.2021
M3T2PB09;M3T2MN09;1;Milling (Freze);Aluminium 5754 H111;N/A;M3T2BN03;01;1.01.2021
M3T2MN09;M3T2BN03;1;Bending (Büküm);Aluminium 5754 H111;N/A;M3T2LN12;01;1.01.2021
M3T2BN03;M3T2LN12;1;Laser Cut (Lazer);Aluminium 5754 H111;N/A;N/A;01;1.01.2021
M2T1AN01;M3T2MN11;2;Milling (Freze);EN 1.4305 - AISI 303;N/A;M3T2TN08;01;1.01.2021
M3T2MN11;M3T2TN08;1;Lathe (Torna);EN 1.4305 - AISI 303;Ø18 x 120mm;RSCNB018;01;1.01.2021
M2T1AN01;M1BBRN02;2;Off the shelf (Hazır);N/A;N/A;N/A;01;1.01.2021
M2T1AN01;DIN472;2;;;;;01;1.01.2021
M2T1AN01;M3T2PB10;2;Cataphoresis (Kataforez);N/A;N/A;M3T2MN10;01;1.01.2021
M3T2PB10;M3T2MN10;1;Milling (Freze);Aluminium 7075 T6;N/A;M3T2TN07;01;1.01.2021
M3T2MN10;M3T2TN07;1;Lathe (Torna);Aluminium 7075 T6;Ø62 x 35mm;RAC7K062;01;1.01.2021
M2T1AN01;M3T2PB08;1;Cataphoresis (Kataforez);N/A;N/A;M2T2WN02;01;1.01.2021
M3T2PB08;M2T2WN02;1;Welding (Kaynak);N/A;N/A;N/A;02;1.01.1753
M2T2WN02;M3T2MN12;1;Milling (Freze);Aluminium 6082;70x70 x 172mm;RAL6K770;02;30.09.2022
M2T2WN02;M3T2LN11;2;Laser Cut (Lazer);Aluminium 5754 H111;N/A;N/A;01;1.01.2021
M2T2WN02;M3T2BN04;1;Bending (Büküm);Aluminium 5754 H111;N/A;M2T2SN02;02;17.10.2022
M3T2BN04;M2T2SN02;1;Machining (İşleme);Aluminium 5754 H111;N/A;M3T2MN16;01;1.01.2021
M2T2SN02;M3T2MN16;1;Milling (Freze);Aluminium 5754 H111;N/A;M3T2LN09;01;1.01.2021
M3T2MN16;M3T2LN09;1;Laser Cut (Lazer);Aluminium 5754 H111;N/A;N/A;02;17.10.2022
M2T2WN02;M3T2LN10;2;Laser Cut (Lazer);Aluminium 5754 H111;N/A;N/A;02;23.11.2021
M2T1AN01;M3T2TN05;4;Lathe (Torna);EN 1.4305 - AISI 303;Ø18 x 11mm;RSCNB018;01;1.01.2021
M2T1AN01;M3T2MN08;1;Milling (Freze);Aluminium 7075 T6;N/A;M3T2TN06;01;1.01.2021
M3T2MN08;M3T2TN06;1;Lathe (Torna);Aluminium 7075 T6;Ø30 x 388mm;RAC7K030;02;30.09.2022
M2T1AN01;DIN912;2;;;;;01;1.01.2021
M2T1AN01;DIN985;2;;;;;01;1.01.2021
M2T1AN01;M1TRRN08;1;Off the shelf (Hazır);N/A;N/A;N/A;01;1.01.2021
TEKRMD_M1;DIN7380;10;;;;;01;1.01.2021
TEKRMD_M1;M2T2AN01;1;Assembly (Montaj);N/A;N/A;N/A;01;1.01.2021
M2T2AN01;DIN127;2;;;;;01;1.01.2021
M2T2AN01;DIN7380;2;;;;;01;1.01.2021
M2T2AN01;M1BBRN05;2;Off the shelf (Hazır);N/A;N/A;N/A;01;1.01.2021
M2T2AN01;M3T2PB04;1;Cataphoresis (Kataforez);N/A;N/A;M3T2MN04;01;1.01.2021
M3T2PB04;M3T2MN04;1;Milling (Freze);SAE 1010 Cold Drawn;N/A;M3T2TN03;01;1.01.2021
M3T2MN04;M3T2TN03;1;Lathe (Torna);SAE 1040 Cold Drawn;Ø63 x 192mm;RCCNK063;01;1.01.2021
M2T2AN01;M3T2PB05;1;Cataphoresis (Kataforez);N/A;N/A;M3T2MN05;01;1.01.2021
M3T2PB05;M3T2MN05;1;Milling (Freze);SAE 1040 Cold Drawn;25x35 x 76mm;RCLNK235;01;1.01.2021
TEKRMD_M1;M2L1AN02;1;Assembly (Montaj);N/A;N/A;N/A;01;1.01.2021
M2L1AN02;DIN912;4;;;;;01;1.01.2021
M2L1AN02;DIN127;4;;;;;01;1.01.2021
M2L1AN02;DIN127;6;;;;;01;1.01.2021
M2L1AN02;M3L2PB20;1;Cataphoresis (Kataforez);N/A;N/A;M3L2BN20;01;1.01.2021
M3L2PB20;M3L2BN20;1;Bending (Büküm);St37;N/A;M3L2LN20;01;1.01.2021
M3L2BN20;M3L2LN20;1;Laser Cut (Lazer);St37;N/A;N/A;01;1.01.2021
M2L1AN02;M3L1PB02;1;Cataphoresis (Kataforez);N/A;N/A;M2L1WN02;01;1.01.2021
M3L1PB02;M2L1WN02;1;Welding (Kaynak);N/A;N/A;N/A;02;30.09.2022
M2L1WN02;M3L2BN07;1;Bending (Büküm);St37;N/A;M3L2LN07;01;1.01.2021
M3L2BN07;M3L2LN07;1;Laser Cut (Lazer);St37;N/A;N/A;01;1.01.2021
M2L1WN02;M3L2LN04;1;Laser Cut (Lazer);St37;N/A;N/A;01;1.01.2021
M2L1WN02;M3L2BN10;1;Bending (Büküm);St37;N/A;M3L2LN07;01;1.01.2021
M3L2BN10;M3L2LN07;1;Laser Cut (Lazer);St37;N/A;N/A;01;1.01.2021
M2L1WN02;M2L2SN08;2;Machining (İşleme);St37;N/A;M3L2LN08;01;1.01.2021
M2L2SN08;M3L2LN08;1;Laser Cut (Lazer);St37;N/A;N/A;01;1.01.2021
M2L1WN02;M2L2SN09;2;Machining (İşleme);St37;N/A;M3L2LN09;01;1.01.2021
M2L2SN09;M3L2LN09;1;Laser Cut (Lazer);St37;N/A;N/A;01;1.01.2021
M2L1WN02;M2L2SN04;1;Machining (İşleme);St37;N/A;M2L2WN20;01;1.01.2021
M2L2SN04;M2L2WN20;1;Welding (Kaynak);N/A;N/A;N/A;01;1.01.2021
M2L2WN20;M2L2SN23;2;Machining (İşleme);St37;N/A;M3L2LN23;01;1.01.2021
M2L2SN23;M3L2LN23;1;Laser Cut (Lazer);St37;N/A;N/A;01;1.01.2021
M2L2WN20;M2L2SN06;1;Machining (İşleme);St37;N/A;M3L2LN14;01;1.01.2021
M2L2SN06;M3L2LN14;1;Laser Cut (Lazer);St37;60x60x4 x 380mm;N/A;01;1.01.2021
M2L2WN20;M3L2LN06;1;Laser Cut (Lazer);St37;N/A;N/A;01;1.01.2021
M2L1WN02;M3L2LN03;1;Laser Cut (Lazer);St37;N/A;N/A;01;1.01.2021
M2L1WN02;M2L2SN05;1;Machining (İşleme);St37;N/A;M3L2LN05;01;1.01.2021
M2L2SN05;M3L2LN05;1;Laser Cut (Lazer);St37;N/A;N/A;01;1.01.2021
M2L1WN02;M2L2SN01;1;Machining (İşleme);St37;N/A;M3L2LN01;02;30.09.2022
M2L2SN01;M3L2LN01;1;Laser Cut (Lazer);St37;N/A;N/A;02;30.09.2022
M2L1WN02;M3L2LN02;1;Laser Cut (Lazer);St37;N/A;N/A;01;1.01.2021
M2L1WN02;M3L2MN11;2;Milling (Freze);St37;40x20 x 322mm;RCLNK420;01;1.01.2021
M2L1WN02;M2L2SN16;2;Machining (İşleme);St37;N/A;M3L2LN16;01;1.01.2021
M2L2SN16;M3L2LN16;1;Laser Cut (Lazer);St37;N/A;N/A;01;1.01.2021
M2L1WN02;N1FTKN81;8;Off the shelf (Hazır);N/A;N/A;N/A;01;1.01.2021
M2L1WN02;M3L2LN12;2;Laser Cut (Lazer);St37;N/A;N/A;01;1.01.2021
M2L1WN02;M3L2MN10;1;Milling (Freze);St37;40x10 x 235mm;RCLNK410;02;9.03.2026
M2L1WN02;M2L2SN13;2;Machining (İşleme);St37;N/A;M3L2LN13;01;1.01.2021
M2L2SN13;M3L2LN13;1;Laser Cut (Lazer);St37;N/A;N/A;01;1.01.2021
M2L1WN02;M3L2LN21;2;Laser Cut (Lazer);St37;N/A;N/A;01;1.01.2021
M2L1WN02;M3L2LN19;2;Laser Cut (Lazer);St37;N/A;N/A;01;1.01.2021
M2L1AN02;DIN7985H;6;;;;;01;1.01.2021
M2L1AN02;M3L1PB03;1;Cataphoresis (Kataforez);N/A;N/A;M2L1WN20;02;6.03.2026
M3L1PB03;M2L1WN20;1;Welding (Kaynak);N/A;N/A;N/A;02;6.03.2026
M2L1WN20;M3L2TN21;1;Lathe (Torna);DIN2394 Çelik;Ø33.7x3 x 213mm;RCBNB033;01;1.01.2021
M2L1WN20;M3L2LN22;2;Laser Cut (Lazer);St37;N/A;N/A;01;1.01.2021
M2L1WN20;M3L2TN23;2;Lathe (Torna);SAE 1010 Cold Drawn;Ø35 x 18mm;RCCNB035;01;1.01.2021
M2L1AN02;M3L2PB30;1;Cataphoresis (Kataforez);N/A;N/A;M3L2BN30;01;1.01.2021
M3L2PB30;M3L2BN30;1;Bending (Büküm);St37;N/A;M3L2LN20;01;1.01.2021
M3L2BN30;M3L2LN20;1;Laser Cut (Lazer);St37;N/A;N/A;01;1.01.2021
TEKRMD_M1;M2T1AN03;1;Assembly (Montaj);N/A;N/A;N/A;01;1.01.2021
M2T1AN03;DIN7991;8;;;;;01;1.01.2021
M2T1AN03;M3T2PB07;2;Cataphoresis (Kataforez);N/A;N/A;M3T2MN07;01;1.01.2021
M3T2PB07;M3T2MN07;1;Milling (Freze);Aluminium 7075 T6;N/A;M3T2TN04;01;1.01.2021
M3T2MN07;M3T2TN04;1;Lathe (Torna);Aluminium 7075 T6;Ø62 x 45mm;RAC7K062;01;1.01.2021
M2T1AN03;DIN912;2;;;;;01;1.01.2021
M2T1AN03;DIN127;2;;;;;01;1.01.2021
M2T1AN03;M1TRRN08;1;Off the shelf (Hazır);N/A;N/A;N/A;01;1.01.2021
M2T1AN03;M3T2PB06;1;Cataphoresis (Kataforez);N/A;N/A;M2T2WN01;01;1.01.2021
M3T2PB06;M2T2WN01;1;Welding (Kaynak);N/A;N/A;N/A;01;1.01.2021
M2T2WN01;M3T2LN07;2;Laser Cut (Lazer);Aluminium 5754 H111;N/A;N/A;01;1.01.2021
M2T2WN01;M3T2BN01;1;Bending (Büküm);Aluminium 5754 H111;N/A;M2T2SN01;01;1.01.2021
M3T2BN01;M2T2SN01;1;Machining (İşleme);Aluminium 5754 H111;N/A;M3T2MN15;01;1.01.2021
M2T2SN01;M3T2MN15;1;Milling (Freze);Aluminium 5754 H111;N/A;M3T2LN06;01;1.01.2021
M3T2MN15;M3T2LN06;1;Laser Cut (Lazer);Aluminium 5754 H111;N/A;N/A;01;1.01.2021
M2T2WN01;M3T2LN08;2;Laser Cut (Lazer);Aluminium 5754 H111;N/A;N/A;01;1.01.2021
M2T2WN01;M3T2MN06;1;Milling (Freze);Aluminium 6082;70x70 x 123mm;RAL6K770;02;30.09.2022
M2T1AN03;M3T2MN13;1;Milling (Freze);Aluminium 7075 T6;N/A;M3T2TN09;01;1.01.2021
M3T2MN13;M3T2TN09;1;Lathe (Torna);Aluminium 7075 T6;Ø30 x 358mm;RAC7K030;02;30.09.2022
TEKRMD_M1;DIN912;23;;;;;01;1.01.2021
TEKRMD_M1;DIN912;22;;;;;01;1.01.2021
TEKRMD_M1;DIN912;6;;;;;01;1.01.2021
TEKRMD_M1;DIN7991;22;;;;;01;1.01.2021
TEKRMD_M1;DIN125;40;;;;;01;1.01.2021
TEKRMD_M1;E1MTRN02;1;Off the shelf (Hazır);N/A;N/A;N/A;01;1.01.2021
TEKRMD_M1;E1MTRN01;1;Off the shelf (Hazır);N/A;N/A;N/A;01;1.01.2021
TEKRMD_M1;P3CPPG20;1;Painting (Boyama);N/A;N/A;P3CPIN20;01;1.01.2021
TEKRMD_M1;P2CPAG24;1;Assembly (Montaj);N/A;N/A;N/A;01;1.01.2021
P2CPAG24;P3CPPG24;1;Painting (Boyama);N/A;N/A;P3CPIN24;01;1.01.2021
TEKRMD_M1;M2WHAN04;2;Machining (İşleme);N/A;N/A;N/A;01;1.01.2021
M2WHAN04;M3TRRN09;1;Milling (Freze);N/A;N/A;M1TRRN09;01;1.01.2021
M3TRRN09;M1TRRN09;1;Off the shelf (Hazır);N/A;N/A;N/A;01;1.01.2021
M2WHAN04;DIN127;1;;;;;01;1.01.2021
M2WHAN04;M1WHRN01;1;Off the shelf (Hazır);N/A;N/A;N/A;01;1.01.2021
M2WHAN04;DIN912;1;;;;;01;1.01.2021
M2WHAN04;N1FTTR12;1;Off the shelf (Hazır);N/A;N/A;N/A;01;1.01.2021
TEKRMD_M1;P3CPPG21;1;Painting (Boyama);N/A;N/A;P3CPIN21;01;1.01.2021
TEKRMD_M1;P2CPAG23;1;Assembly (Montaj);N/A;N/A;N/A;01;1.01.2021
P2CPAG23;P3CPPG23;1;Painting (Boyama);N/A;N/A;P3CPIN23;01;1.01.2021
TEKRMD_M1;M2WHAN03;2;Assembly (Montaj);N/A;N/A;N/A;01;1.01.2021
M2WHAN03;DIN912;6;;;;;01;1.01.2021
M2WHAN03;DIN127;6;;;;;01;1.01.2021
M2WHAN03;M1WHRN05;1;Off the shelf (Hazır);N/A;N/A;N/A;01;1.01.2021
M2WHAN03;N1FTTR12;1;Off the shelf (Hazır);N/A;N/A;N/A;01;1.01.2021
M2WHAN03;M3WHPB01;1;Painting (Boyama);N/A;N/A;M3WHMN01;01;1.01.2021
M3WHPB01;M3WHMN01;1;Milling (Freze);Aluminium 7075 T6;N/A;M3WHTN01;01;1.01.2021
M3WHMN01;M3WHTN01;1;Lathe (Torna);Aluminium 7075 T6;Ø130 x 120mm;RAC7K130;01;1.01.2021
M2WHAN03;M3TRRN09;1;Milling (Freze);N/A;N/A;M1TRRN09;01;1.01.2021
M2WHAN03;DIN912;1;;;;;01;1.01.2021
M2WHAN03;M3WHPB02;1;Painting (Boyama);N/A;N/A;M3WHMN02;01;1.01.2021
M3WHPB02;M3WHMN02;1;Milling (Freze);Aluminium 7075 T6;N/A;M3WHTN02;01;1.01.2021
M3WHMN02;M3WHTN02;1;Lathe (Torna);Aluminium 7075 T6;Ø130 x 40mm;RAC7K130;01;1.01.2021
M2WHAN03;DIN127;1;;;;;01;1.01.2021
TEKRMD_M1;P3CPPG22;1;Painting (Boyama);N/A;N/A;P3CPIN22;01;1.01.2021
TEKRMD_M1;E2MTAN03;2;Assembly (Montaj);N/A;N/A;N/A;01;1.01.2021
E2MTAN03;M3U2MN09;1;Milling (Freze);EN 1.4305 - AISI 303;N/A;M3U2TN09;01;1.01.2021
M3U2MN09;M3U2TN09;1;Lathe (Torna);EN 1.4305 - AISI 303;Ø20 x 40mm;RSCNB020;01;1.01.2021
E2MTAN03;DIN916;2;;;;;01;1.01.2021
E2MTAN03;E1MTRN03;1;Off the shelf (Hazır);N/A;N/A;N/A;01;1.01.2021
TEKRMD_M1;DIN7991;16;;;;;01;1.01.2021
TEKRMD_M1;DIN127;18;;;;;01;1.01.2021
TEKRMD_M1;DIN912;2;;;;;01;1.01.2021
TEKRMD_M1;M2U1AN04;1;Assembly (Montaj);N/A;N/A;N/A;01;1.01.2021
M2U1AN04;M3U2PB17;1;Cataphoresis (Kataforez);N/A;N/A;M3U2MN17;01;1.01.2021
M3U2PB17;M3U2MN17;1;Milling (Freze);SAE 1040 Cold Drawn;20x60 x 90mm;RCLNK260;02;24.10.2022
M2U1AN04;M3H1PB04;1;Cataphoresis (Kataforez);N/A;N/A;M2H1WN03;01;1.01.2021
M3H1PB04;M2H1WN03;1;Welding (Kaynak);N/A;N/A;N/A;02;24.10.2022
M2H1WN03;M3H2MN14;2;Milling (Freze);SAE 1010 Cold Drawn;N/A;M3H2TN02;01;1.01.2021
M3H2MN14;M3H2TN02;1;Lathe (Torna);SAE 1040 Cold Drawn;Ø63 x 42mm;RCCNK063;02;24.10.2022
M2H1WN03;M2H2SN01;2;Machining (İşleme);St37;N/A;M3H2LN14;01;1.01.2021
M2H2SN01;M3H2LN14;1;Laser Cut (Lazer);St37;N/A;N/A;01;1.01.2021
M2H1WN03;M3H2MN10;2;Milling (Freze);SAE 1040 Cold Drawn;40x35 x 85mm;RCLNK435;01;1.01.2021
M2H1WN03;M2H2HN02;1;Machining (İşleme);St37;N/A;M3H2LN21;01;1.01.2021
M2H2HN02;M3H2LN21;1;Laser Cut (Lazer);St37;40x40x4 x 238mm;N/A;02;9.03.2026
M2H1WN03;M3H2MN12;1;Milling (Freze);St37;N/A;M3H2BN13;01;1.01.2021
M3H2MN12;M3H2BN13;1;Bending (Büküm);St37;N/A;M3H2LN13;01;1.01.2021
M3H2BN13;M3H2LN13;1;Laser Cut (Lazer);St37;N/A;N/A;01;1.01.2021
M2H1WN03;M2H2HN01;1;Machining (İşleme);St37;N/A;M3H2LN20;02;9.03.2025
M2H2HN01;M3H2LN20;1;Laser Cut (Lazer);St37;40x40x4 x 238mm;N/A;02;9.03.2026
M2U1AN04;M3H2TN10;2;Lathe (Torna);2.0975 - C9580  CuAl10Ni;Ø20 x 41mm;RBCNB020;01;1.01.2021
M2U1AN04;M3M2TN05;2;Lathe (Torna);2.0975 - C9580  CuAl10Ni;Ø42 x 20mm;RBCNB042;01;1.01.2021
M2U1AN04;M3M2TN06;2;Lathe (Torna);S600 1.3343;Ø6.2 x 95mm;RCCOB006;01;1.01.2021
M2U1AN04;DIN933;2;;;;;01;1.01.2021
M2U1AN04;M3H2MN20;2;Milling (Freze);POM (Derlin) - BLACK Colour;15x15 x 40mm;RPLSB115;01;1.01.2021
M2U1AN04;M3H2TN16;2;Lathe (Torna);2.0975 - C9580  CuAl10Ni;Ø24 x 16mm;RBCNB024;01;1.01.2021
M2U1AN04;M3U1PB04;1;Cataphoresis (Kataforez);N/A;N/A;M2U1WN04;01;1.01.2021
M3U1PB04;M2U1WN04;1;Welding (Kaynak);N/A;N/A;N/A;02;24.10.2022
M2U1WN04;M3U2LN90;2;Laser Cut (Lazer);St37;N/A;N/A;01;1.01.2021
M2U1WN04;M3U2LN19;1;Laser Cut (Lazer);St37;40x40x4 x 291mm;N/A;01;1.01.2021
M2U1WN04;M3U2MN12;2;Milling (Freze);St37;N/A;M3U2LN05;01;1.01.2021
M3U2MN12;M3U2LN05;1;Laser Cut (Lazer);St37;N/A;N/A;01;1.01.2021
M2U1WN04;M3U2LN24;2;Laser Cut (Lazer);St37;20x40x3 x 120mm;N/A;01;1.01.2021
M2U1WN04;M3U2LN11;1;Laser Cut (Lazer);St37;N/A;N/A;01;1.01.2021
M2U1WN04;M3U2LN13;1;Laser Cut (Lazer);St37;N/A;N/A;01;1.01.2021
M2U1WN04;M3U2MN08;2;Milling (Freze);DIN2394 Çelik;N/A;M3U2TN01;01;1.01.2021
M3U2MN08;M3U2TN01;1;Lathe (Torna);DIN2394 Çelik;Ø51x3 x 40mm;RCBNB051;01;1.01.2021
M2U1WN04;M2U2SN02;2;Machining (İşleme);St37;N/A;M3U2LN04;02;24.10.2022
M2U2SN02;M3U2LN04;1;Laser Cut (Lazer);St37;N/A;N/A;02;24.10.2022
M2U1WN04;M2U2SN09;2;Machining (İşleme);St37;N/A;M3U2LN26;01;1.01.2021
M2U2SN09;M3U2LN26;1;Laser Cut (Lazer);St37;20x40x3 x 90mm;N/A;01;1.01.2021
M2U1WN04;M3U2LN07;1;Laser Cut (Lazer);St37;N/A;N/A;01;1.01.2021
M2U1WN04;M3U2LN20;1;Laser Cut (Lazer);St37;40x40x4 x 291mm;N/A;01;1.01.2021
M2U1WN04;M3U2MN11;2;Milling (Freze);St37;N/A;M3U2LN23;01;1.01.2021
M3U2MN11;M3U2LN23;1;Laser Cut (Lazer);St37;N/A;N/A;01;1.01.2021
M2U1WN04;M3U2LN06;1;Laser Cut (Lazer);St37;N/A;N/A;01;1.01.2021
M2U1WN04;M3U2LN08;1;Laser Cut (Lazer);St37;N/A;N/A;01;1.01.2021
M2U1WN04;M3U2LN09;1;Laser Cut (Lazer);St37;N/A;N/A;01;1.01.2021
M2U1WN04;M3U2LN10;1;Laser Cut (Lazer);St37;N/A;N/A;01;1.01.2021
M2U1WN04;M3U2LN12;1;Laser Cut (Lazer);St37;N/A;N/A;01;1.01.2021
M2U1WN04;M3U2LN14;1;Laser Cut (Lazer);St37;N/A;N/A;01;1.01.2021
M2U1WN04;M3U2LN17;2;Laser Cut (Lazer);St37;N/A;N/A;01;1.01.2021
M2U1WN04;M2U2SN07;2;Machining (İşleme);St37;N/A;M3U2LN16;01;1.01.2021
M2U2SN07;M3U2LN16;1;Laser Cut (Lazer);St37;N/A;N/A;01;1.01.2021
M2U1WN04;M2CHWN02;4;Welding (Kaynak);EN 1.4305 - AISI 303;N/A;M1CHRN02;01;1.01.2021
M2CHWN02;M1CHRN02;1;Off the shelf (Hazır);N/A;N/A;N/A;01;1.01.2021
M2U1WN04;M3CHEN02;2;Press (Pres);N/A;N/A;M2CHWN02;01;1.01.2021
M3CHEN02;M2CHWN02;1;Welding (Kaynak);EN 1.4305 - AISI 303;N/A;M1CHRN02;01;1.01.2021
M2U1WN04;M3U2MN10;1;Milling (Freze);SAE 1040 Cold Drawn;50x35 x 350mm;RCLNK535;02;24.10.2022
M2U1WN04;M3U2LN01;1;Laser Cut (Lazer);St37;N/A;N/A;02;24.10.2022
M2U1AN04;M3U2PB14;2;Cataphoresis (Kataforez);N/A;N/A;M3U2MN14;01;1.01.2021
M3U2PB14;M3U2MN14;1;Milling (Freze);SAE 1040 Cold Drawn;20x60 x 90mm;RCLNK260;01;1.01.2021
M2U1AN04;M3H2TN17;2;Lathe (Torna);2.0975 - C9580  CuAl10Ni;Ø24 x 21mm;RBCNB024;01;1.01.2021
M2U1AN04;M3H2MN21;2;Milling (Freze);EN 1.4305 - AISI 303;N/A;M3H2TN18;01;1.01.2021
M3H2MN21;M3H2TN18;1;Lathe (Torna);EN 1.4305 - AISI 303;Ø12 x 47mm;RSCNB012;01;1.01.2021
M2U1AN04;DIN471;2;;;;;01;1.01.2021
M2U1AN04;M3H2TN99;2;Lathe (Torna);EN 1.4057 - AISI 431;Ø25 x 78mm;RSCOB025;01;1.01.2021
M2U1AN04;M3H2MN22;2;Milling (Freze);EN 1.4057 - AISI 431;N/A;M3H2TN19;01;1.01.2021
M3H2MN22;M3H2TN19;1;Lathe (Torna);EN 1.4057 - AISI 431;Ø16 x 32mm;RSCOB016;01;1.01.2021
M2U1AN04;M3U2PB13;2;Cataphoresis (Kataforez);N/A;N/A;M3U2MN13;01;1.01.2021
M3U2PB13;M3U2MN13;1;Milling (Freze);St37;N/A;M3U2LN27;01;1.01.2021
M3U2MN13;M3U2LN27;1;Laser Cut (Lazer);St37;N/A;N/A;01;1.01.2021
M2U1AN04;M3U2PB15;1;Cataphoresis (Kataforez);N/A;N/A;M3U2MN15;01;1.01.2021
M3U2PB15;M3U2MN15;1;Milling (Freze);SAE 1040 Cold Drawn;20x60 x 90mm;RCLNK260;01;1.01.2021
M2U1AN04;DIN933;12;;;;;01;1.01.2021
M2U1AN04;M3M2PB30;1;Cataphoresis (Kataforez);N/A;N/A;M2M2WN30;01;1.01.2021
M3M2PB30;M2M2WN30;1;Welding (Kaynak);N/A;N/A;N/A;02;30.09.2022
M2M2WN30;M3M2LN31;1;Laser Cut (Lazer);St37;N/A;N/A;02;30.09.2022
M2M2WN30;M2M2DN36;2;Machining (İşleme);St37;N/A;M3M2LN36;01;1.01.2021
M2M2DN36;M3M2LN36;1;Laser Cut (Lazer);St37;N/A;N/A;01;1.01.2021
M2M2WN30;M3M2MN34;2;Milling (Freze);St37;N/A;M3M2LN34;01;1.01.2021
M3M2MN34;M3M2LN34;1;Laser Cut (Lazer);St37;N/A;N/A;02;24.10.2022
M2M2WN30;M3M2MN32;1;Milling (Freze);St37;N/A;M3M2BN32;02;24.10.2022
M3M2MN32;M3M2BN32;1;Bending (Büküm);St37;N/A;M3M2LN32;01;1.01.2021
M3M2BN32;M3M2LN32;1;Laser Cut (Lazer);St37;N/A;N/A;01;1.01.2021
M2M2WN30;M3M2LN37;2;Laser Cut (Lazer);St37;N/A;N/A;02;14.10.2022
M2U1AN04;M3M2PB11;2;Cataphoresis (Kataforez);N/A;N/A;M3M2MN01;01;1.01.2021
M3M2PB11;M3M2MN01;1;Milling (Freze);SAE 1040 Cold Drawn;12x12 x 175mm;RCLNK112;02;30.09.2022
M2U1AN04;M3M2MN02;1;Milling (Freze);EN 1.4057 - AISI 431;N/A;M3M2TN03;02;30.09.2022
M3M2MN02;M3M2TN03;1;Lathe (Torna);EN 1.4057 - AISI 431;Ø32 x 95mm;RSCOK032;01;1.01.2021
M2U1AN04;DIN912;2;;;;;01;1.01.2021
M2U1AN04;DIN127;2;;;;;01;1.01.2021
M2U1AN04;DIN127;18;;;;;01;1.01.2021
M2U1AN04;DIN7380;4;;;;;01;1.01.2021
TEKRMD_M1;DIN912;18;;;;;01;1.01.2021
TEKRMD_M1;DIN7991;8;;;;;01;1.01.2021
TEKRMD_M1;P3BUTR01;1;Lathe (Torna);POM (Derlin) - RED Colour;Ø30 x 10mm;RPCKB030;01;1.01.2021
TEKRMD_M1;M1CBRN03;2;Off the shelf (Hazır);N/A;N/A;N/A;01;1.01.2021
TEKRMD_M1;M3S1PB01;1;Cataphoresis (Kataforez);N/A;N/A;M2S1WN02;01;1.01.2021
M3S1PB01;M2S1WN02;1;Welding (Kaynak);N/A;N/A;N/A;01;1.01.2021
M2S1WN02;M2S2SN21;1;Machining (İşleme);St37;N/A;M3S2LN21;01;1.01.2021
M2S2SN21;M3S2LN21;1;Laser Cut (Lazer);St37;N/A;N/A;01;1.01.2021
M2S1WN02;M3CHEN02;1;Press (Pres);N/A;N/A;M2CHWN02;01;1.01.2021
M2S1WN02;M3S2LN22;1;Laser Cut (Lazer);St37;N/A;N/A;01;1.01.2021
TEKRMD_M1;M1WRRN01;2;Off the shelf (Hazır);N/A;N/A;N/A;01;1.01.2021
TEKRMD_M1;M3H1PB05;1;Cataphoresis (Kataforez);N/A;N/A;M2H1SN05;02;13.03.2026
M3H1PB05;M2H1SN05;1;Machining (İşleme);St37;N/A;M2H1WN05;02;13.03.2026
M2H1SN05;M2H1WN05;1;Welding (Kaynak);N/A;N/A;N/A;02;13.03.2026
M2H1WN05;M3H2BN05;1;Bending (Büküm);St37;N/A;M3H2LN65;02;13.03.2026
M3H2BN05;M3H2LN65;1;Laser Cut (Lazer);St37;N/A;N/A;02;13.03.2026
M2H1WN05;M3H2TN14;1;Lathe (Torna);SAE 1010 Cold Drawn;Ø20 x 38mm;RCCNB020;01;1.01.2021
M2H1WN05;M3H2TN52;1;Lathe (Torna);DIN2394 Çelik;Ø22x1.5 x 98mm;RCBNB022;01;1.01.2021
M2H1WN05;M3H2LN22;1;Laser Cut (Lazer);St37;N/A;N/A;01;13.03.2026
M2H1WN05;M3H2LN23;1;Laser Cut (Lazer);St37;N/A;N/A;01;13.03.2026
M2H1WN05;M2H2SN58;1;Machining (İşleme);St37;N/A;M3H2LN58;01;1.01.2021
M2H2SN58;M3H2LN58;1;Laser Cut (Lazer);St37;N/A;N/A;01;1.01.2021
M2H1WN05;M3H2LN25;1;Laser Cut (Lazer);St37;30x30x3 x 232mm;N/A;02;13.03.2026
M2H1WN05;M2H2SN57;1;Machining (İşleme);St37;N/A;M3H2LN57;01;1.01.2021
M2H2SN57;M3H2LN57;1;Laser Cut (Lazer);St37;N/A;N/A;01;1.01.2021
TEKRMD_M1;M1CBRN05;2;Off the shelf (Hazır);N/A;N/A;N/A;01;1.01.2021
TEKRMD_M1;P3BUTR02;2;Lathe (Torna);POM (Derlin) - BLACK Colour;Ø20 x 10mm;RPCSB020;01;13.03.2026
TEKRMD_M1;E2SWAN01;1;Assembly (Montaj);N/A;N/A;N/A;02;24.10.2022
E2SWAN01;DIN7991;2;;;;;01;1.01.2021
E2SWAN01;M1SGRN03;2;Off the shelf (Hazır);N/A;N/A;N/A;01;1.01.2021
E2SWAN01;DIN127;4;;;;;01;1.01.2021
E2SWAN01;DIN912;4;;;;;01;1.01.2021
E2SWAN01;DIN934;4;;;;;01;1.01.2021
E2SWAN01;DIN125;2;;;;;01;1.01.2021
E2SWAN01;M3SWPB02;1;Cataphoresis (Kataforez);N/A;N/A;M3SWBN02;01;1.01.2021
M3SWPB02;M3SWBN02;1;Bending (Büküm);St37;N/A;M3SWLN01;01;1.01.2021
M3SWBN02;M3SWLN01;1;Laser Cut (Lazer);St37;N/A;N/A;01;1.01.2021
E2SWAN01;M3SWPB04;1;Cataphoresis (Kataforez);N/A;N/A;M3SWBN03;01;1.01.2021
M3SWPB04;M3SWBN03;1;Bending (Büküm);St37;N/A;M3SWLN09;01;1.01.2021
M3SWBN03;M3SWLN09;1;Laser Cut (Lazer);St37;N/A;N/A;01;1.01.2021
E2SWAN01;DIN7985H;2;;;;;01;1.01.2021
E2SWAN01;E2SWAN02;1;Assembly (Montaj);N/A;N/A;N/A;01;1.01.2021
E2SWAN02;E1SWRN01;2;Off the shelf (Hazır);N/A;N/A;N/A;01;1.01.2021
E2SWAN02;DIN7985H;4;;;;;01;1.01.2021
E2SWAN02;DIN127;4;;;;;01;1.01.2021
E2SWAN02;M3PNMN03;2;Milling (Freze);EN 1.4305 - AISI 303;N/A;M3PNTN13;01;1.01.2021
M3PNMN03;M3PNTN13;1;Lathe (Torna);EN 1.4305 - AISI 303;Ø5 x 40mm;RSCNB005;01;1.01.2021
E2SWAN02;DIN7985H;2;;;;;01;1.01.2021
E2SWAN02;M3SWPB03;1;Cataphoresis (Kataforez);N/A;N/A;M2SWWN01;01;1.01.2021
M3SWPB03;M2SWWN01;1;Welding (Kaynak);N/A;N/A;N/A;01;1.01.2021
M2SWWN01;M2SWSN01;1;Machining (İşleme);St37;N/A;M3SWLN02;01;1.01.2021
M2SWSN01;M3SWLN02;1;Laser Cut (Lazer);St37;N/A;N/A;01;1.01.2021
M2SWWN01;M3SWLN03;2;Laser Cut (Lazer);St37;N/A;N/A;01;1.01.2021
M2SWWN01;M3SWLN05;1;Laser Cut (Lazer);St37;N/A;N/A;01;1.01.2021
M2SWWN01;M3SWLN04;1;Laser Cut (Lazer);St37;N/A;N/A;02;3.10.2022
E2SWAN02;M2SWWN02;1;Welding (Kaynak);N/A;N/A;N/A;01;1.01.2021
M2SWWN02;M3SWMN01;1;Milling (Freze);EN 1.4301 - AISI 304;10x20 x 40mm;RSLNK120;01;1.01.2021
M2SWWN02;M3SWLN06;1;Laser Cut (Lazer);EN 1.4305 - AISI 303;N/A;N/A;01;1.01.2021
E2SWAN02;M2SWWN03;1;Welding (Kaynak);N/A;N/A;N/A;01;1.01.2021
M2SWWN03;M3SWMN01;1;Milling (Freze);EN 1.4301 - AISI 304;10x20 x 40mm;RSLNK120;01;1.01.2021
M2SWWN03;M3SWLN06;1;Laser Cut (Lazer);EN 1.4305 - AISI 303;N/A;N/A;01;1.01.2021
E2SWAN02;M3BUTN10;4;Lathe (Torna);EN 1.4305 - AISI 303;Ø8 x 8mm;RSCNB008;01;1.01.2021
E2SWAN01;M3SWPB01;1;Cataphoresis (Kataforez);N/A;N/A;M3SWBN01;01;1.01.2021
M3SWPB01;M3SWBN01;1;Bending (Büküm);St37;N/A;M3SWLN01;01;1.01.2021
M3SWBN01;M3SWLN01;1;Laser Cut (Lazer);St37;N/A;N/A;01;1.01.2021
TEKRMD_M1;M3H1PB06;1;Cataphoresis (Kataforez);N/A;N/A;M2H1SN06;02;13.03.2026
M3H1PB06;M2H1SN06;1;Machining (İşleme);St37;N/A;M2H1WN06;02;13.03.2026
M2H1SN06;M2H1WN06;1;Welding (Kaynak);N/A;N/A;N/A;02;13.03.2026
M2H1WN06;M3H2BN06;1;Bending (Büküm);St37;N/A;M3H2LN65;02;13.03.2026
M3H2BN06;M3H2LN65;1;Laser Cut (Lazer);St37;N/A;N/A;02;13.03.2026
M2H1WN06;M3H2LN22;1;Laser Cut (Lazer);St37;N/A;N/A;01;13.03.2026
M2H1WN06;M2H2SN57;1;Machining (İşleme);St37;N/A;M3H2LN57;01;1.01.2021
M2H1WN06;M3H2TN52;1;Lathe (Torna);DIN2394 Çelik;Ø22x1.5 x 98mm;RCBNB022;01;1.01.2021
M2H1WN06;M3H2LN26;1;Laser Cut (Lazer);St37;30x30x3 x 232mm;N/A;02;13.03.2026
M2H1WN06;M3H2TN14;1;Lathe (Torna);SAE 1010 Cold Drawn;Ø20 x 38mm;RCCNB020;01;1.01.2021
M2H1WN06;M2H2SN58;1;Machining (İşleme);St37;N/A;M3H2LN58;01;1.01.2021
M2H1WN06;M3H2LN23;1;Laser Cut (Lazer);St37;N/A;N/A;01;13.03.2026
TEKRMD_M1;M2M1AN06;1;Assembly (Montaj);N/A;N/A;N/A;01;1.01.2021
M2M1AN06;M3M2PB11;2;Cataphoresis (Kataforez);N/A;N/A;M3M2MN01;01;1.01.2021
M2M1AN06;M3M2TN06;2;Lathe (Torna);S600 1.3343;Ø6.2 x 95mm;RCCOB006;01;1.01.2021
M2M1AN06;M3M2PB15;1;Cataphoresis (Kataforez);N/A;N/A;M3M2LN29;01;1.01.2021
M3M2PB15;M3M2LN29;1;Laser Cut (Lazer);1.2379 (X 155 CrVMo 12 1);N/A;N/A;02;3.10.2022
M2M1AN06;M3M2TN05;2;Lathe (Torna);2.0975 - C9580  CuAl10Ni;Ø42 x 20mm;RBCNB042;01;1.01.2021
M2M1AN06;M3M2PB12;1;Cataphoresis (Kataforez);N/A;N/A;M2M2SN12;01;1.01.2021
M3M2PB12;M2M2SN12;1;Machining (İşleme);1.2379 (X 155 CrVMo 12 1);N/A;M3M2LN12;01;1.01.2021
M2M2SN12;M3M2LN12;1;Laser Cut (Lazer);1.2379 (X 155 CrVMo 12 1);N/A;N/A;01;1.01.2021
M2M1AN06;M3M2PB13;1;Cataphoresis (Kataforez);N/A;N/A;M3M2LN20;01;1.01.2021
M3M2PB13;M3M2LN20;1;Laser Cut (Lazer);1.2379 (X 155 CrVMo 12 1);N/A;N/A;02;3.10.2022
M2M1AN06;M3M2PB14;1;Cataphoresis (Kataforez);N/A;N/A;M2M2SN14;01;1.01.2021
M3M2PB14;M2M2SN14;1;Machining (İşleme);1.2379 (X 155 CrVMo 12 1);N/A;M3M2LN14;01;1.01.2021
M2M2SN14;M3M2LN14;1;Laser Cut (Lazer);1.2379 (X 155 CrVMo 12 1);N/A;N/A;01;1.01.2021
M2M1AN06;DIN933;8;;;;;01;1.01.2021
M2M1AN06;DIN127;8;;;;;01;1.01.2021
M2M1AN06;DIN7380;8;;;;;01;1.01.2021
M2M1AN06;M3M2PB10;2;Cataphoresis (Kataforez);N/A;N/A;M3M2MN10;01;1.01.2021
M3M2PB10;M3M2MN10;1;Milling (Freze);St37;N/A;M3M2LN10;01;1.01.2021
M3M2MN10;M3M2LN10;1;Laser Cut (Lazer);St37;N/A;N/A;01;1.01.2021
M2M1AN06;M3M2PB06;1;Cataphoresis (Kataforez);N/A;N/A;M2M2WN06;01;1.01.2021
M3M2PB06;M2M2WN06;1;Welding (Kaynak);N/A;N/A;N/A;01;1.01.2021
M2M2WN06;M3M2MN07;1;Milling (Freze);St37;N/A;M3M2BN42;01;1.01.2021
M3M2MN07;M3M2BN42;1;Bending (Büküm);St37;N/A;M3M2LN42;01;1.01.2021
M3M2BN42;M3M2LN42;1;Laser Cut (Lazer);St37;N/A;N/A;01;1.01.2021
M2M2WN06;M3M2MN08;2;Milling (Freze);St37;N/A;M3M2LN07;01;1.01.2021
M3M2MN08;M3M2LN07;1;Laser Cut (Lazer);St37;N/A;N/A;01;1.01.2021
M2M2WN06;M3M2TN07;1;Lathe (Torna);SAE 1010 Cold Drawn;Ø14 x 21mm;RCCNB014;01;1.01.2021
M2M1AN06;M3M2PB09;1;Cataphoresis (Kataforez);N/A;N/A;M3M2MN09;01;1.01.2021
M3M2PB09;M3M2MN09;1;Milling (Freze);SAE 1040 Cold Drawn;60x25 x 96mm;RCLNK625;01;1.01.2021
M2M1AN06;M3M2MN11;1;Milling (Freze);EN 1.4057 - AISI 431;N/A;M3M2TN03;02;3.10.2022
M3M2MN11;M3M2TN03;1;Lathe (Torna);EN 1.4057 - AISI 431;Ø32 x 95mm;RSCOK032;01;1.01.2021
TEKRMD_M1;M2S1AN01;1;Assembly (Montaj);N/A;N/A;N/A;01;1.01.2021
M2S1AN01;M3S1PB03;1;Cataphoresis (Kataforez);N/A;N/A;M2S1WN01;01;1.01.2021
M3S1PB03;M2S1WN01;1;Welding (Kaynak);N/A;N/A;N/A;01;1.01.2021
M2S1WN01;M2S1SN01;1;Machining (İşleme);St37;N/A;M3S1BN02;02;10.10.2022
M2S1SN01;M3S1BN02;1;Bending (Büküm);St37;N/A;M3S1LN02;02;10.10.2022
M3S1BN02;M3S1LN02;1;Laser Cut (Lazer);St37;N/A;N/A;01;1.01.2021
M2S1WN01;M3CHEN02;2;Press (Pres);N/A;N/A;M2CHWN02;01;1.01.2021
TEKRMD_M1;M3S1PB02;1;Cataphoresis (Kataforez);N/A;N/A;M2S1WN03;01;1.01.2021
M3S1PB02;M2S1WN03;1;Welding (Kaynak);N/A;N/A;N/A;01;1.01.2021
M2S1WN03;M2S2SN21;1;Machining (İşleme);St37;N/A;M3S2LN21;01;1.01.2021
M2S1WN03;M3CHEN02;1;Press (Pres);N/A;N/A;M2CHWN02;01;1.01.2021
M2S1WN03;M3S2LN22;1;Laser Cut (Lazer);St37;N/A;N/A;01;1.01.2021
TEKRMD_M1;DIN7991;10;;;;;01;1.01.2021
TEKRMD_M1;DIN7985H;20;;;;;01;1.01.2021
TEKRMD_M1;P2CPAB10;1;Assembly (Montaj);N/A;N/A;N/A;01;1.01.2021
P2CPAB10;DIN912;1;;;;;01;1.01.2021
P2CPAB10;M1MGRN10;1;Off the shelf (Hazır);N/A;N/A;N/A;01;1.01.2021
P2CPAB10;DIN127;1;;;;;01;1.01.2021
P2CPAB10;P3TRTB01;1;Lathe (Torna);POM (Derlin) - BLACK Colour;Ø12 x 25mm;RPCSB012;01;1.01.2021
P2CPAB10;P3CPPB10;1;Painting (Boyama);N/A;N/A;P3CPIN10;01;1.01.2021
TEKRMD_M1;P2CPAB07;1;Assembly (Montaj);N/A;N/A;N/A;01;1.01.2021
P2CPAB07;M1MGRN10;1;Off the shelf (Hazır);N/A;N/A;N/A;01;1.01.2021
P2CPAB07;DIN127;1;;;;;01;1.01.2021
P2CPAB07;P3CPPB07;1;Painting (Boyama);N/A;N/A;P3CPIN07;01;1.01.2021
P2CPAB07;P3TRTB02;1;Lathe (Torna);POM (Derlin) - BLACK Colour;Ø12 x 28mm;RPCSB012;01;1.01.2021
P2CPAB07;DIN912;1;;;;;01;1.01.2021
TEKRMD_M1;P3CPPB13;1;Painting (Boyama);N/A;N/A;P3CPIN13;01;1.01.2021
TEKRMD_M1;DIN7991;2;;;;;01;1.01.2021
TEKRMD_M1;P2CPAB09;1;Assembly (Montaj);N/A;N/A;N/A;01;1.01.2021
P2CPAB09;M1MGRN10;2;Off the shelf (Hazır);N/A;N/A;N/A;01;1.01.2021
P2CPAB09;N1PGRN12;1;Off the shelf (Hazır);N/A;N/A;N/A;01;1.01.2021
P2CPAB09;P3CPPB09;1;Painting (Boyama);N/A;N/A;P3CPIN09;01;1.01.2021
TEKRMD_M1;P3CPPB06;1;Painting (Boyama);N/A;N/A;P3CPIN06;01;1.01.2021
TEKRMD_M1;M3S2TN01;2;Lathe (Torna);EN 1.4305 - AISI 303;Ø10x1.5 x 70mm;RSBNB010;01;1.01.2021
TEKRMD_M1;M3M2PB02;2;Cataphoresis (Kataforez);N/A;N/A;M2M2HN01;01;1.01.2021
M3M2PB02;M2M2HN01;1;Machining (İşleme);St37;N/A;M3M2LN01;01;1.01.2021
M2M2HN01;M3M2LN01;1;Laser Cut (Lazer);St37;N/A;N/A;01;1.01.2021
TEKRMD_M1;P3CPPB12;1;Painting (Boyama);N/A;N/A;P3CPIN12;01;1.01.2021
TEKRMD_M1;P2CPAB08;1;Assembly (Montaj);N/A;N/A;N/A;01;1.01.2021
P2CPAB08;M1MGRN10;2;Off the shelf (Hazır);N/A;N/A;N/A;01;1.01.2021
P2CPAB08;P3CPPB08;1;Painting (Boyama);N/A;N/A;P3CPIN08;01;1.01.2021
TEKRMD_M1;DIN912;2;;;;;01;1.01.2021
TEKRMD_M1;P2CPAB15;1;Assembly (Montaj);N/A;N/A;N/A;01;1.01.2021
P2CPAB15;P3CPPB15;1;Painting (Boyama);N/A;N/A;P3CPIN15;01;1.01.2021
TEKRMD_M1;P3CPPB14;1;Painting (Boyama);N/A;N/A;P3CPIN14;01;1.01.2021
TEKRMD_M1;P3CPPG11;1;Painting (Boyama);N/A;N/A;P3CPIN11;01;1.01.2021
TEKRMD_M1;DIN912;2;;;;;01;1.01.2021
TEKRMD_M1;P2CPAB16;1;Assembly (Montaj);N/A;N/A;N/A;01;1.01.2021
P2CPAB16;M1MGRN15;3;Off the shelf (Hazır);N/A;N/A;N/A;01;1.01.2021
P2CPAB16;P3CPPB16;1;Painting (Boyama);N/A;N/A;P3CPIN16;01;1.01.2021
TEKRMD_M1;P2CPAB18;1;Assembly (Montaj);N/A;N/A;N/A;01;1.01.2021
P2CPAB18;M1MGRN15;3;Off the shelf (Hazır);N/A;N/A;N/A;01;1.01.2021
P2CPAB18;P3CPPB18;1;Painting (Boyama);N/A;N/A;P3CPIN18;01;1.01.2021
TEKRMD_M1;DIN7991;6;;;;;01;1.01.2021
TEKRMD_M1;E2CPAN01;1;Assembly (Montaj);N/A;N/A;N/A;01;1.01.2021
E2CPAN01;E1CPRN01;1;Off the shelf (Hazır);N/A;N/A;N/A;01;1.01.2021
E2CPAN01;M3U2PB01;1;Cataphoresis (Kataforez);N/A;N/A;M2U2SN06;01;1.01.2021
M3U2PB01;M2U2SN06;1;Machining (İşleme);St37;N/A;M3U2BN15;01;1.01.2021
M2U2SN06;M3U2BN15;1;Bending (Büküm);St37;N/A;M3U2LN15;01;1.01.2021
M3U2BN15;M3U2LN15;1;Laser Cut (Lazer);St37;N/A;N/A;01;1.01.2021
E2CPAN01;E1TRRN04;1;Off the shelf (Hazır);N/A;N/A;N/A;01;1.01.2021
TEKRMD_M1;M2U1AN02;1;Assembly (Montaj);N/A;N/A;N/A;01;1.01.2021
M2U1AN02;M1BBRN01;1;Off the shelf (Hazır);N/A;N/A;N/A;01;1.01.2021
M2U1AN02;M3U1PB02;1;Cataphoresis (Kataforez);N/A;N/A;M2U1WN02;01;1.01.2021
M3U1PB02;M2U1WN02;1;Welding (Kaynak);N/A;N/A;N/A;01;1.01.2021
M2U1WN02;M3U2TN23;1;Lathe (Torna);SAE 1010 Cold Drawn;Ø20 x 13mm;RCCNB020;01;1.01.2021
M2U1WN02;M2U2HN22;1;Machining (İşleme);St37;N/A;M3U2LN22;01;1.01.2021
M2U2HN22;M3U2LN22;1;Laser Cut (Lazer);St37;N/A;N/A;01;1.01.2021
TEKRMD_M1;M3U2MN18;2;Milling (Freze);POM (Derlin) - BLACK Colour;15x15 x 70mm;RPLSB115;01;1.01.2021
TEKRMD_M1;T2STNN02;1;Assembly (Montaj);N/A;N/A;N/A;01;1.01.2021
TEKRMD_M1;E1BTRN03;2;Off the shelf (Hazır);N/A;N/A;N/A;01;1.01.2021
TEKRMD_M1;DIN127;7;;;;;01;1.01.2021
TEKRMD_M1;E2ONAN02;1;Assembly (Montaj);N/A;N/A;N/A;01;1.01.2021
E2ONAN02;E1ONRN01;1;Off the shelf (Hazır);N/A;N/A;N/A;01;1.01.2021
E2ONAN02;M3U2PB04;1;Cataphoresis (Kataforez);N/A;N/A;M2U2SN08;01;1.01.2021
M3U2PB04;M2U2SN08;1;Machining (İşleme);St37;N/A;M3U2BN18;01;1.01.2021
M2U2SN08;M3U2BN18;1;Bending (Büküm);St37;N/A;M3U2LN18;01;1.01.2021
M3U2BN18;M3U2LN18;1;Laser Cut (Lazer);St37;N/A;N/A;01;1.01.2021
TEKRMD_M1;M3L1PB01;1;Cataphoresis (Kataforez);N/A;N/A;M2L1WN01;01;1.01.2021
M3L1PB01;M2L1WN01;1;Welding (Kaynak);N/A;N/A;N/A;01;1.01.2021
M2L1WN01;M3L2LN31;1;Machining (İşleme);St37;40x40x4 x 190mm;RCPNK440;01;1.01.2021
M2L1WN01;M3L2LN32;2;Laser Cut (Lazer);St37;N/A;N/A;01;1.01.2021
TEKRMD_M1;M2U1AN03;1;Assembly (Montaj);N/A;N/A;N/A;01;1.01.2021
M2U1AN03;M3U1PB03;1;Cataphoresis (Kataforez);N/A;N/A;M2U1WN03;01;1.01.2021
M3U1PB03;M2U1WN03;1;Welding (Kaynak);N/A;N/A;N/A;01;1.01.2021
M2U1WN03;M2U2HN21;1;Machining (İşleme);St37;N/A;M3U2LN21;01;1.01.2021
M2U2HN21;M3U2LN21;1;Laser Cut (Lazer);St37;N/A;N/A;01;1.01.2021
M2U1WN03;M3U2TN23;1;Lathe (Torna);SAE 1010 Cold Drawn;Ø20 x 13mm;RCCNB020;01;1.01.2021
M2U1AN03;M1BBRN01;1;Off the shelf (Hazır);N/A;N/A;N/A;01;1.01.2021
TEKRMD_M1;E2MBAN03;1;Assembly (Montaj);N/A;N/A;N/A;01;1.01.2021
E2MBAN03;E1PCM001;1;Off the shelf (Hazır);N/A;N/A;N/A;01;1.01.2021
E2MBAN03;E3BXMN05;1;Milling (Freze);N/A;N/A;E1BXRN05;01;1.01.2021
E3BXMN05;E1BXRN05;1;Off the shelf (Hazır);N/A;N/A;N/A;01;1.01.2021
E2MBAN03;E3BXMN06;1;Milling (Freze);N/A;N/A;E1BXRN06;01;1.01.2021
E3BXMN06;E1BXRN06;1;Off the shelf (Hazır);N/A;N/A;N/A;01;1.01.2021
E2MBAN03;E3PCM203;1;Off the shelf (Hazır);N/A;N/A;N/A;01;1.01.2021
E2MBAN03;E3TRMN01;1;Milling (Freze);Aluminium 5754 H111;10x15 x 120mm;RAL5K115;01;1.01.2021
E2MBAN03;M3TRLN02;1;Laser Cut (Lazer);Aluminium 5754 H111;N/A;N/A;01;1.01.2021
TEKRMD_M1;E2UCAN02;1;Assembly (Montaj);N/A;N/A;N/A;01;1.01.2021
E2UCAN02;M3S2PB05;1;Cataphoresis (Kataforez);N/A;N/A;M3S2BN04;01;1.01.2021
M3S2PB05;M3S2BN04;1;Bending (Büküm);St37;N/A;M3S2LN07;01;1.01.2021
M3S2BN04;M3S2LN07;1;Laser Cut (Lazer);St37;N/A;N/A;01;1.01.2021
E2UCAN02;M3S2PB04;1;Cataphoresis (Kataforez);N/A;N/A;M2S2WN01;01;1.01.2021
M3S2PB04;M2S2WN01;1;Welding (Kaynak);N/A;N/A;N/A;01;1.01.2021
M2S2WN01;M3S2LN06;2;Laser Cut (Lazer);St37;N/A;N/A;01;1.01.2021
M2S2WN01;M2S2SN02;1;Machining (İşleme);St37;N/A;M3S2LN04;01;1.01.2021
M2S2SN02;M3S2LN04;1;Laser Cut (Lazer);St37;N/A;N/A;01;1.01.2021
M2S2WN01;M2S2SN03;1;Machining (İşleme);St37;N/A;M3S2LN05;01;1.01.2021
M2S2SN03;M3S2LN05;1;Laser Cut (Lazer);St37;N/A;N/A;01;1.01.2021
E2UCAN02;E3BXMN04;1;Milling (Freze);N/A;N/A;E1BXRN04;01;1.01.2021
E3BXMN04;E1BXRN04;1;Off the shelf (Hazır);N/A;N/A;N/A;01;1.01.2021
TEKRMD_M1;E2UPAN02;1;Assembly (Montaj);N/A;N/A;N/A;01;1.01.2021
E2UPAN02;P3CPPB05;1;Painting (Boyama);N/A;N/A;P3CPIN05;01;1.01.2021
P3CPPB05;P3CPIN05;1;Plastic Injection (Plastik Baskı);Lexan EXL 5689;N/A;P1RPGR02;01;1.01.2021
E2UPAN02;E1KPRN01;1;Off the shelf (Hazır);N/A;N/A;N/A;01;1.01.2021
E2UPAN02;E1JSRN01;1;Off the shelf (Hazır);N/A;N/A;N/A;01;1.01.2021
E2UPAN02;P3CPIN04;1;Plastic Injection (Plastik Baskı);Lexan EXL 5689;N/A;P1RPGR02;01;1.01.2021
TEKRMD_M1;P3CPPG02;1;Painting (Boyama);N/A;N/A;P3CPIN02;01;1.01.2021
TEKRMD_M1;P3CPPG03;1;Painting (Boyama);N/A;N/A;P3CPIN03;01;1.01.2021
TEKRMD_M1;P1CPINA1;1;Off the shelf (Hazır);N/A;N/A;N/A;01;1.01.2021
TEKRMD_M1;M2F1AN01;1;Assembly (Montaj);N/A;N/A;N/A;01;1.01.2021
M2F1AN01;DIN7991;2;;;;;01;1.01.2021
M2F1AN01;M3F2PB04;1;Cataphoresis (Kataforez);N/A;N/A;M2F2WN01;01;1.01.2021
M3F2PB04;M2F2WN01;1;Welding (Kaynak);N/A;N/A;N/A;01;1.01.2021
M2F2WN01;M2F2SN03;1;Machining (İşleme);St37;N/A;M3F2LN05;01;1.01.2021
M2F2SN03;M3F2LN05;1;Laser Cut (Lazer);St37;N/A;N/A;01;1.01.2021
M2F2WN01;M3F2LN04;2;Laser Cut (Lazer);St37;N/A;N/A;01;1.01.2021
M2F1AN01;M3F2PB03;2;Cataphoresis (Kataforez);N/A;N/A;M2F2HN02;01;1.01.2021
M3F2PB03;M2F2HN02;1;Machining (İşleme);St37;N/A;M3F2LN07;01;1.01.2021
M2F2HN02;M3F2LN07;1;Laser Cut (Lazer);St37;N/A;N/A;01;1.01.2021
M2F1AN01;M3F2PB02;2;Cataphoresis (Kataforez);N/A;N/A;M2F2SN04;01;1.01.2021
M3F2PB02;M2F2SN04;1;Machining (İşleme);St37;N/A;M3F2LN06;01;1.01.2021
M2F2SN04;M3F2LN06;1;Laser Cut (Lazer);St37;N/A;N/A;01;1.01.2021
TEKRMD_M1;M2MTAN01;1;Assembly (Montaj);N/A;N/A;N/A;01;1.01.2021
M2MTAN01;M1MTRN01;1;Off the shelf (Hazır);N/A;N/A;N/A;01;1.01.2021
M2MTAN01;DIN7380;4;;;;;01;1.01.2021
M2MTAN01;DIN127;6;;;;;01;1.01.2021
M2MTAN01;DIN127;4;;;;;01;1.01.2021
M2MTAN01;DIN127;4;;;;;01;1.01.2021
M2MTAN01;M3MTRN02;1;Milling (Freze);N/A;N/A;M1MTRN02;01;1.01.2021
M2MTAN01;M1MTRN03;1;Off the shelf (Hazır);N/A;N/A;N/A;01;1.01.2021
M2MTAN01;M1MTRN04;1;Off the shelf (Hazır);N/A;N/A;N/A;01;1.01.2021
M2MTAN01;M1MTRN05;1;Off the shelf (Hazır);N/A;N/A;N/A;01;1.01.2021
M2MTAN01;DIN7380;2;;;;;01;1.01.2021
M2MTAN01;M1BBRN02;1;Off the shelf (Hazır);N/A;N/A;N/A;01;1.01.2021
M2MTAN01;M1MGRN05;1;Off the shelf (Hazır);N/A;N/A;N/A;01;1.01.2021
M2MTAN01;M1BBRN03;1;Off the shelf (Hazır);N/A;N/A;N/A;01;1.01.2021
M2MTAN01;DIN912;4;;;;;01;1.01.2021
M2MTAN01;M3MTPB03;1;Cataphoresis (Kataforez);N/A;N/A;M3MTMN03;01;1.01.2021
M3MTPB03;M3MTMN03;1;Milling (Freze);Aluminium 7075 T6;N/A;M3MTTN02;02;15.12.2021
M3MTMN03;M3MTTN02;1;Lathe (Torna);Aluminium 7075 T6;Ø38 x 355mm;RAC7K038;02;22.11.2021
M2MTAN01;M3PNMN01;1;Milling (Freze);EN 1.4057 - AISI 431;N/A;M3PNTN10;01;1.01.2021
M3PNMN01;M3PNTN10;1;Lathe (Torna);EN 1.4057 - AISI 431;Ø18 x 75mm;RSCOB018;01;1.01.2021
M2MTAN01;DIN7991;3;;;;;01;1.01.2021
M2MTAN01;DIN912;2;;;;;01;1.01.2021
M2MTAN01;DIN934;1;;;;;01;1.01.2021
M2MTAN01;M3MTTN08;1;Lathe (Torna);EN 1.4305 - AISI 303;Ø18 x 12mm;RSCNB018;01;1.01.2021
M2MTAN01;DIN472;1;;;;;01;1.01.2021
M2MTAN01;M3MTPB01;1;Cataphoresis (Kataforez);N/A;N/A;M2MTWN01;01;1.01.2021
M3MTPB01;M2MTWN01;1;Welding (Kaynak);N/A;N/A;N/A;01;1.01.2021
M2MTWN01;M3MTMN02;1;Milling (Freze);EN 1.4301 - AISI 304;N/A;M3MTTN01;01;1.01.2021
M3MTMN02;M3MTTN01;1;Lathe (Torna);EN 1.4301 - AISI 304;Ø48.3x5 x 320mm;RSBNB048;02;1.10.2021
M2MTWN01;M3MTMN01;1;Milling (Freze);EN 1.4301 - AISI 304;30x70 x 125mm;RSLNK370;02;1.10.2021
M2MTAN01;M3MTPB02;1;Cataphoresis (Kataforez);N/A;N/A;M3MTMN09;01;1.01.2021
M3MTPB02;M3MTMN09;1;Milling (Freze);St37;N/A;M3MTLN01;01;1.01.2021
M3MTMN09;M3MTLN01;1;Laser Cut (Lazer);St37;N/A;N/A;01;1.01.2021
M2MTAN01;DIN472;1;;;;;01;1.01.2021
M2MTAN01;M3MTPB04;1;Cataphoresis (Kataforez);N/A;N/A;M3MTMN04;01;1.01.2021
M3MTPB04;M3MTMN04;1;Milling (Freze);SAE 1040 Cold Drawn;60x65 x 125mm;RCLNK665;02;1.10.2021
M2MTAN01;E2MTAN05;1;Assembly (Montaj);N/A;N/A;N/A;01;1.01.2021
E2MTAN05;DIN7380;3;;;;;01;1.01.2021
E2MTAN05;E3PCM206;1;Off the shelf (Hazır);N/A;N/A;N/A;01;1.01.2021
E2MTAN05;M3MTPB05;1;Cataphoresis (Kataforez);N/A;N/A;M3MTMN05;01;1.01.2021
M3MTPB05;M3MTMN05;1;Milling (Freze);Aluminium 6082;15x25 x 282mm;RAL6K125;02;9.03.2026
M2MTAN01;M3MTMN06;1;Milling (Freze);2.0975 - C9580  CuAl10Ni;N/A;M3MTTN03;01;1.01.2021
M3MTMN06;M3MTTN03;1;Lathe (Torna);2.0975 - C9580  CuAl10Ni;Ø30 x 15mm;RBCNB030;01;1.01.2021
M2MTAN01;DIN934;1;;;;;01;1.01.2021
M2MTAN01;M3MTMN07;1;Milling (Freze);POM (Derlin) - BLACK Colour;N/A;M3MTTN04;02;11.10.2022
M3MTMN07;M3MTTN04;1;Lathe (Torna);POM (Derlin) - BLACK Colour;Ø50 x 64mm;RPCSB050;01;1.01.2021
M2MTAN01;DIN912;2;;;;;01;1.01.2021
M2MTAN01;N1FTTR01;1;Off the shelf (Hazır);N/A;N/A;N/A;01;1.01.2021
M2MTAN01;DIN471;1;;;;;01;1.01.2021
M2MTAN01;M3MTPB06;1;Cataphoresis (Kataforez);N/A;N/A;M2MTHN01;01;1.01.2021
M3MTPB06;M2MTHN01;1;Machining (İşleme);St37;N/A;M3MTLN02;01;1.01.2021
M2MTHN01;M3MTLN02;1;Laser Cut (Lazer);St37;N/A;N/A;01;1.01.2021
M2MTAN01;M3MTMN08;1;Milling (Freze);EN 1.4305 - AISI 303;N/A;M3MTTN06;01;1.01.2021
M3MTMN08;M3MTTN06;1;Lathe (Torna);EN 1.4305 - AISI 303;Ø38 x 40mm;RSCNK038;02;11.10.2022
M2MTAN01;M3MTTN07;2;Lathe (Torna);2.0975 - C9580  CuAl10Ni;Ø18 x 5mm;RBCNB018;01;1.01.2021
M2MTAN01;M3PNMN02;1;Milling (Freze);EN 1.4057 - AISI 431;N/A;M3PNTN11;01;1.01.2021
M3PNMN02;M3PNTN11;1;Lathe (Torna);EN 1.4057 - AISI 431;Ø16 x 42mm;RSCOB016;01;1.01.2021
M2MTAN01;M3PNTN12;1;Lathe (Torna);EN 1.4305 - AISI 303;Ø14 x 41mm;RSCNB014;01;1.01.2021
M2MTAN01;M3MTTN09;1;Lathe (Torna);POM (Derlin) - BLACK Colour;Ø60 x 50mm;RPCSB060;01;1.01.2021
TEKRMD_M1;P1CPINA3;1;Off the shelf (Hazır);N/A;N/A;N/A;01;1.01.2021
TEKRMD_M1;P1CPINA4;1;Off the shelf (Hazır);N/A;N/A;N/A;01;1.01.2021
TEKRMD_M1;E1MTRN04;1;Off the shelf (Hazır);N/A;N/A;N/A;01;1.01.2021
TEKRMD_M1;DIN7991;7;;;;;01;1.01.2021
TEKRMD_M1;P1CPINA2;1;Off the shelf (Hazır);N/A;N/A;N/A;01;1.01.2021
TEKRMD_M1;P1CPINA6;1;Off the shelf (Hazır);N/A;N/A;N/A;01;1.01.2021
TEKRMD_M1;E2MBAN02;1;Assembly (Montaj);N/A;N/A;N/A;01;1.01.2021
E2MBAN02;E3BXMN07;1;Milling (Freze);N/A;N/A;E1BXRN07;02;1.01.2022
E3BXMN07;E1BXRN07;1;Off the shelf (Hazır);N/A;N/A;N/A;01;1.01.2021
E2MBAN02;M3TRLN06;1;Laser Cut (Lazer);Aluminium 5754 H111;N/A;N/A;00;1.01.2022
E2MBAN02;M3TRLN07;1;Laser Cut (Lazer);Aluminium 5754 H111;N/A;N/A;00;1.01.2022
E2MBAN02;M3TRPB02;1;Cataphoresis (Kataforez);N/A;N/A;M2TRWN01;01;1.01.2021
M3TRPB02;M2TRWN01;1;Welding (Kaynak);N/A;N/A;N/A;02;11.10.2022
M2TRWN01;M3TRLN08;1;Laser Cut (Lazer);St37;N/A;N/A;01;3.10.2022
M2TRWN01;M3TRLN04;1;Laser Cut (Lazer);St37;N/A;N/A;02;11.10.2022
M2TRWN01;M3TRLN05;1;Laser Cut (Lazer);St37;N/A;N/A;02;3.10.2022
TEKRMD_M1;DIN7991;6;;;;;01;1.01.2021
TEKRMD_M1;DIN7380;4;;;;;01;1.01.2021
TEKRMD_M1;P2C2RB01;1;Assembly (Montaj);N/A;N/A;N/A;01;1.01.2021
TEKRMD_M1;P1CPINA5;1;Painting (Boyama);Lexan EXL 5689;N/A;N/A;01;17.02.2018
TEKRMD_M1;M2C2AN01;1;Assembly (Montaj);N/A;N/A;N/A;01;1.01.2021
M2C2AN01;DIN7991;3;;;;;01;1.01.2021
M2C2AN01;M3C2PB03;1;Cataphoresis (Kataforez);N/A;N/A;M3C2MN03;01;1.01.2021
M3C2PB03;M3C2MN03;1;Milling (Freze);SAE 1040 Cold Drawn;20x25 x 75mm;RCLNK225;01;1.01.2021
M2C2AN01;M3C2TN01;2;Lathe (Torna);2.0975 - C9580  CuAl10Ni;Ø22 x 16mm;RBCNB022;01;1.01.2021
M2C2AN01;M3C2MN06;1;Milling (Freze);EN 1.4057 - AISI 431;N/A;M3C2TN02;01;1.01.2021
M3C2MN06;M3C2TN02;1;Lathe (Torna);EN 1.4057 - AISI 431;Ø18 x 77mm;RSCOB018;01;1.01.2021
M2C2AN01;M3C2PB02;1;Cataphoresis (Kataforez);N/A;N/A;M2C2WN02;01;1.01.2021
M3C2PB02;M2C2WN02;1;Welding (Kaynak);N/A;N/A;N/A;01;1.01.2021
M2C2WN02;M2C2HN02;1;Machining (İşleme);St37;N/A;M3C2BN02;01;1.01.2021
M2C2HN02;M3C2BN02;1;Bending (Büküm);St37;N/A;M3C2LN03;01;1.01.2021
M3C2BN02;M3C2LN03;1;Laser Cut (Lazer);St37;N/A;N/A;01;1.01.2021
M2C2WN02;M3C2LN01;1;Laser Cut (Lazer);St37;N/A;N/A;01;1.01.2021
M2C2WN02;M3C2MN02;1;Milling (Freze);St37;N/A;M3C2LN02;01;1.01.2021
M3C2MN02;M3C2LN02;1;Laser Cut (Lazer);St37;N/A;N/A;01;1.01.2021
M2C2AN01;M3C2PB01;1;Cataphoresis (Kataforez);N/A;N/A;M2C2WN01;01;1.01.2021
M3C2PB01;M2C2WN01;1;Welding (Kaynak);N/A;N/A;N/A;01;1.01.2021
M2C2WN01;M3C2LN01;1;Laser Cut (Lazer);St37;N/A;N/A;01;1.01.2021
M2C2WN01;M2C2HN01;1;Machining (İşleme);St37;N/A;M3C2BN01;01;1.01.2021
M2C2HN01;M3C2BN01;1;Bending (Büküm);St37;N/A;M3C2LN03;01;1.01.2021
M3C2BN01;M3C2LN03;1;Laser Cut (Lazer);St37;N/A;N/A;01;1.01.2021
M2C2WN01;M3C2MN02;1;Milling (Freze);St37;N/A;M3C2LN02;01;1.01.2021
M2C2AN01;M3C2TN04;1;Lathe (Torna);POM (Derlin) - BLACK Colour;Ø20 x 25mm;RPCSB020;02;14.10.2022
M2C2AN01;M3C2TN03;1;Lathe (Torna);EN 1.4305 - AISI 303;Ø10 x 42mm;RSCNB010;01;1.01.2021
TEKRMD_M1;M2C2AN02;1;Assembly (Montaj);N/A;N/A;N/A;01;1.01.2021
M2C2AN02;M1BBRN04;2;Off the shelf (Hazır);N/A;N/A;N/A;01;1.01.2021
M2C2AN02;M1TRRN05;2;Off the shelf (Hazır);N/A;N/A;N/A;01;1.01.2021
M2C2AN02;DIN7380;8;;;;;01;1.01.2021
M2C2AN02;M3C2PB09;2;Cataphoresis (Kataforez);N/A;N/A;M3C2MN08;01;1.01.2021
M3C2PB09;M3C2MN08;1;Milling (Freze);St37;N/A;M3C2LN13;01;1.01.2021
M3C2MN08;M3C2LN13;1;Laser Cut (Lazer);St37;N/A;N/A;01;1.01.2021
M2C2AN02;M1TRRN06;1;Off the shelf (Hazır);N/A;N/A;N/A;01;1.01.2021
M2C2AN02;DIN127;8;;;;;01;1.01.2021
M2C2AN02;DIN7380;4;;;;;01;1.01.2021
M2C2AN02;DIN127;8;;;;;01;1.01.2021
M2C2AN02;DIN127;4;;;;;01;1.01.2021
M2C2AN02;DIN471;4;;;;;01;1.01.2021
M2C2AN02;DIN933;8;;;;;01;1.01.2021
M2C2AN02;M3C2TN05;2;Lathe (Torna);İnd. Sert Krom Kaplı Mil;Ø12 x 268mm;RICNK012;01;1.01.2021
M2C2AN02;M2C2WN03;1;Welding (Kaynak);N/A;N/A;N/A;01;1.01.2021
M2C2WN03;M3C2LN06;2;Laser Cut (Lazer);Aluminium 5754 H111;N/A;N/A;01;1.01.2021
M2C2WN03;M3C2LN05;2;Laser Cut (Lazer);Aluminium 5754 H111;N/A;N/A;01;1.01.2021
M2C2WN03;M3C2LN07;4;Laser Cut (Lazer);Aluminium 5754 H111;N/A;N/A;01;1.01.2021
M2C2WN03;M2C2HN03;1;Machining (İşleme);Aluminium 5754 H111;N/A;M3C2LN04;01;1.01.2021
M2C2HN03;M3C2LN04;1;Laser Cut (Lazer);Aluminium 5754 H111;N/A;N/A;02;3.12.2021
M2C2WN03;M3C2LN08;2;Laser Cut (Lazer);Aluminium 5754 H111;N/A;N/A;01;1.01.2021
M2C2AN02;M3C2PB06;1;Cataphoresis (Kataforez);N/A;N/A;M2C2HN06;01;1.01.2021
M3C2PB06;M2C2HN06;1;Machining (İşleme);Aluminium 5754 H111;N/A;M3C2LN11;02;18.04.2022
M2C2HN06;M3C2LN11;1;Laser Cut (Lazer);Aluminium 5754 H111;N/A;N/A;01;1.01.2021
M2C2AN02;M3C2PB04;1;Cataphoresis (Kataforez);N/A;N/A;M3C2MN01;01;1.01.2021
M3C2PB04;M3C2MN01;1;Milling (Freze);SAE 1040 Cold Drawn;70x70 x 50mm;RCLNK770;01;1.01.2021
M2C2AN02;M3C2PB07;1;Cataphoresis (Kataforez);N/A;N/A;M3C2MN07;01;1.01.2021
M3C2PB07;M3C2MN07;1;Milling (Freze);Aluminium 5754 H111;N/A;M3C2LN12;01;1.01.2021
M3C2MN07;M3C2LN12;1;Laser Cut (Lazer);Aluminium 5754 H111;N/A;N/A;02;11.10.2022
M2C2AN02;M3C2PB10;2;Cataphoresis (Kataforez);N/A;N/A;M3C2MN10;01;1.01.2021
M3C2PB10;M3C2MN10;1;Milling (Freze);St37;N/A;M3C2LN14;01;1.01.2021
M3C2MN10;M3C2LN14;1;Laser Cut (Lazer);St37;N/A;N/A;01;1.01.2021
M2C2AN02;M3C2MN09;2;Milling (Freze);EN 1.4057 - AISI 431;N/A;M3C2TN06;01;1.01.2021
M3C2MN09;M3C2TN06;1;Lathe (Torna);EN 1.4057 - AISI 431;Ø14 x 30mm;RSCOB014;01;1.01.2021
M2C2AN02;M3C2MN04;1;Milling (Freze);Aluminium 7075 T6;N/A;M3C2LN09;01;1.01.2021
M3C2MN04;M3C2LN09;1;Laser Cut (Lazer);Aluminium 7075 T6;N/A;N/A;01;1.01.2021
M2C2AN02;M3C2MN05;1;Milling (Freze);Aluminium 7075 T6;N/A;M3C2LN10;01;1.01.2021
M3C2MN05;M3C2LN10;1;Laser Cut (Lazer);Aluminium 7075 T6;N/A;N/A;01;1.01.2021
TEKRMD_M1;DIN7991;8;;;;;01;1.01.2021
TEKRMD_M1;M3BUTN02;2;Lathe (Torna);EN 1.4305 - AISI 303;Ø18 x 10mm;RSCNB018;01;1.01.2021
TEKRMD_M1;P3CPPB28;2;Painting (Boyama);N/A;N/A;P3CPIN28;01;1.01.2021
TEKRMD_M1;M3K2PB02;2;Cataphoresis (Kataforez);N/A;N/A;M3K2MN06;01;1.01.2021
M3K2PB02;M3K2MN06;1;Milling (Freze);SAE 1040 Cold Drawn;50x15 x 36mm;RCLNK515;01;1.01.2021
TEKRMD_M1;M2K1AN03;1;Assembly (Montaj);N/A;N/A;N/A;01;1.01.2021
M2K1AN03;DIN7380;2;;;;;01;1.01.2021
M2K1AN03;DIN934;2;;;;;01;1.01.2021
M2K1AN03;DIN127;2;;;;;01;1.01.2021
M2K1AN03;M3K1PB03;1;Cataphoresis (Kataforez);N/A;N/A;M2K1WN03;01;1.01.2021
M3K1PB03;M2K1WN03;1;Welding (Kaynak);N/A;N/A;N/A;01;1.01.2021
M2K1WN03;M3K2BN12;1;Bending (Büküm);St37;N/A;M3K2LN12;02;22.04.2022
M3K2BN12;M3K2LN12;1;Laser Cut (Lazer);St37;N/A;N/A;02;22.04.2022
M2K1WN03;M3K2LN16;1;Laser Cut (Lazer);St37;N/A;N/A;01;1.01.2021
M2K1WN03;M3K2LN15;1;Laser Cut (Lazer);St37;N/A;N/A;01;1.01.2021
M2K1WN03;M3K2TN12;1;Lathe (Torna);SAE 1010 Cold Drawn;Ø30 x 21mm;RCCNB030;01;1.01.2021
M2K1AN03;M3K2PB08;1;Cataphoresis (Kataforez);N/A;N/A;M3K2MN01;01;1.01.2021
M3K2PB08;M3K2MN01;1;Milling (Freze);SAE 1040 Cold Drawn;40x20 x 95mm;RCLNK420;01;1.01.2021
TEKRMD_M1;P2CPAB27;2;Assembly (Montaj);N/A;N/A;N/A;01;1.01.2021
P2CPAB27;P3CPPB27;1;Painting (Boyama);N/A;N/A;P3CPIN27;01;1.01.2021
TEKRMD_M1;M2K1AN04;1;Assembly (Montaj);N/A;N/A;N/A;01;1.01.2021
M2K1AN04;DIN934;2;;;;;01;1.01.2021
M2K1AN04;DIN7380;2;;;;;01;1.01.2021
M2K1AN04;DIN127;2;;;;;01;1.01.2021
M2K1AN04;M3K1PB04;1;Cataphoresis (Kataforez);N/A;N/A;M2K1WN04;01;1.01.2021
M3K1PB04;M2K1WN04;1;Welding (Kaynak);N/A;N/A;N/A;01;1.01.2021
M2K1WN04;M3K2LN16;1;Laser Cut (Lazer);St37;N/A;N/A;01;1.01.2021
M2K1WN04;M3K2TN12;1;Lathe (Torna);SAE 1010 Cold Drawn;Ø30 x 21mm;RCCNB030;01;1.01.2021
M2K1WN04;M3K2BN13;1;Bending (Büküm);St37;N/A;M3K2LN12;02;22.04.2022
M3K2BN13;M3K2LN12;1;Laser Cut (Lazer);St37;N/A;N/A;02;22.04.2022
M2K1WN04;M3K2LN15;1;Laser Cut (Lazer);St37;N/A;N/A;01;1.01.2021
M2K1AN04;M3K2PB08;1;Cataphoresis (Kataforez);N/A;N/A;M3K2MN01;01;1.01.2021
TEKRMD_M1;M3K2PB03;2;Cataphoresis (Kataforez);N/A;N/A;M3K2LN03;01;1.01.2021
M3K2PB03;M3K2LN03;1;Laser Cut (Lazer);St37;N/A;N/A;01;1.01.2021
TEKRMD_M1;M2TRAN01;2;Assembly (Montaj);N/A;N/A;N/A;01;1.01.2021
M2TRAN01;M3S2MN04;1;Milling (Freze);EN 1.4305 - AISI 303;N/A;M3S2TN04;01;1.01.2021
M3S2MN04;M3S2TN04;1;Lathe (Torna);EN 1.4305 - AISI 303;Ø20 x 115mm;RSCNB020;01;1.01.2021
M2TRAN01;M3S2TN05;1;Lathe (Torna);EN 1.4305 - AISI 303;N/A;RSCNB020;01;16.02.2018
M2TRAN01;M3S2TN06;1;Lathe (Torna);EN 1.4305 - AISI 303;Ø8 x 65mm;RSCNB008;01;1.01.2021
TEKRMD_M1;P2CPAS32;1;Assembly (Montaj);N/A;N/A;N/A;01;1.01.2021
P2CPAS32;DIN912;4;;;;;01;1.01.2021
P2CPAS32;DIN125;4;;;;;01;1.01.2021
P2CPAS32;P3CPPS30;1;Painting (Boyama);N/A;N/A;P3CPIN30;01;1.01.2021
P2CPAS32;P3CPPB29;1;Painting (Boyama);N/A;N/A;P3CPIN29;01;1.01.2021
P2CPAS32;M3L2PB40;1;Cataphoresis (Kataforez);N/A;N/A;M2L2WN40;01;1.01.2021
M3L2PB40;M2L2WN40;1;Welding (Kaynak);N/A;N/A;N/A;01;1.01.2021
M2L2WN40;M3L2LN43;2;Laser Cut (Lazer);St37;N/A;N/A;01;1.01.2021
M2L2WN40;M3L2LN41;1;Laser Cut (Lazer);St37;N/A;N/A;01;1.01.2021
M2L2WN40;M3L2LN44;2;Laser Cut (Lazer);St37;N/A;N/A;01;1.01.2021
M2L2WN40;M3L2LN42;2;Laser Cut (Lazer);St37;N/A;N/A;01;1.01.2021
TEKRMD_M1;P2CPAG19;1;Assembly (Montaj);N/A;N/A;N/A;01;1.01.2021
P2CPAG19;P3CPPG19;1;Painting (Boyama);N/A;N/A;P3CPIN19;01;1.01.2021
P3CPPG19;P3CPIN19;1;Plastic Injection (Plastik Baskı);Lexan EXL 5689;N/A;P1RPGR02;01;1.01.2021
P2CPAG19;M1MGRN15;3;Off the shelf (Hazır);N/A;N/A;N/A;01;1.01.2021
TEKRMD_M1;M2TLAN01;1;Assembly (Montaj);N/A;N/A;N/A;01;1.01.2021
M2TLAN01;M3TLMN01;1;Milling (Freze);POM (Derlin) - BLACK Colour;N/A;M3TLTN02;02;14.10.2022
M3TLMN01;M3TLTN02;1;Lathe (Torna);POM (Derlin) - BLACK Colour;Ø35 x 143mm;RPCSB035;01;1.01.2021
M2TLAN01;M3TLLN01;1;Laser Cut (Lazer);EN 1.4305 - AISI 303;N/A;N/A;01;1.01.2021
M2TLAN01;M1MGRN15;3;Off the shelf (Hazır);N/A;N/A;N/A;01;1.01.2021
M2TLAN01;M3TLTN01;1;Lathe (Torna);Aluminium 7075 T6;Ø20 x 595mm;RAC7K020;02;14.10.2022
TEKRMD_M1;M2E1AN01;1;Assembly (Montaj);N/A;N/A;N/A;01;1.01.2021
M2E1AN01;DIN912;10;;;;;01;1.01.2021
M2E1AN01;DIN127;4;;;;;01;1.01.2021
M2E1AN01;DIN912;4;;;;;01;1.01.2021
M2E1AN01;DIN127;10;;;;;01;1.01.2021
M2E1AN01;DIN933;4;;;;;01;1.01.2021
M2E1AN01;DIN127;4;;;;;01;1.01.2021
M2E1AN01;DIN912;4;;;;;01;1.01.2021
M2E1AN01;M3E2PB01;2;Cataphoresis (Kataforez);N/A;N/A;M3E2LN04;01;1.01.2021
M3E2PB01;M3E2LN04;1;Laser Cut (Lazer);St37;N/A;N/A;01;1.01.2021
M2E1AN01;DIN934;2;;;;;01;1.01.2021
M2E1AN01;M3E2TN05;12;Lathe (Torna);2.0975 - C9580  CuAl10Ni;Ø14 x 10mm;RBCNB014;02;14.10.2022
M2E1AN01;M3E2PB13;1;Cataphoresis (Kataforez);N/A;N/A;M2E2WN01;01;1.01.2021
M3E2PB13;M2E2WN01;1;Welding (Kaynak);N/A;N/A;N/A;01;1.01.2021
M2E2WN01;M3E2BN01;1;Bending (Büküm);St37;N/A;M3E2LN01;01;1.01.2021
M3E2BN01;M3E2LN01;1;Laser Cut (Lazer);St37;N/A;N/A;02;14.10.2022
M2E2WN01;M3E2LN03;1;Laser Cut (Lazer);St37;N/A;N/A;01;1.01.2021
M2E2WN01;M3E2BN02;4;Bending (Büküm);St37;N/A;M3E2LN02;01;1.01.2021
M3E2BN02;M3E2LN02;1;Laser Cut (Lazer);St37;N/A;N/A;01;1.01.2021
M2E1AN01;DIN934;2;;;;;01;1.01.2021
M2E1AN01;M3E2TN02;1;Lathe (Torna);EN 1.4305 - AISI 303;Ø12 x 425mm;RSCNB012;01;1.01.2021
M2E1AN01;M3E2TN04;1;Lathe (Torna);EN 1.4305 - AISI 303;Ø12 x 325mm;RSCNB012;01;1.01.2021
M2E1AN01;DIN934;2;;;;;01;1.01.2021
M2E1AN01;DIN471;4;;;;;01;1.01.2021
M2E1AN01;M3E2TN01;1;Lathe (Torna);Aluminium 7075 T6;Ø30 x 750mm;RAC7K030;02;14.10.2022
M2E1AN01;M1TRRN07;2;Off the shelf (Hazır);N/A;N/A;N/A;01;1.01.2021
M2E1AN01;M3E2PB14;1;Cataphoresis (Kataforez);N/A;N/A;M3E2MN08;01;1.01.2021
M3E2PB14;M3E2MN08;1;Milling (Freze);SAE 1040 Cold Drawn;60x25 x 110mm;RCLNK625;02;14.10.2022
M2E1AN01;DIN7380;4;;;;;01;1.01.2021
M2E1AN01;M3E2PB02;2;Cataphoresis (Kataforez);N/A;N/A;M3E2MN01;01;1.01.2021
M3E2PB02;M3E2MN01;1;Milling (Freze);SAE 1040 Cold Drawn;15x20 x 785mm;RCLNK215;01;1.01.2021
M2E1AN01;M3E2TN10;6;Lathe (Torna);POM (Derlin) - BLACK Colour;Ø35 x 16mm;RPCSB035;01;1.01.2021
M2E1AN01;M3E2PB03;1;Cataphoresis (Kataforez);N/A;N/A;M2E2WN02;01;1.01.2021
M3E2PB03;M2E2WN02;1;Welding (Kaynak);N/A;N/A;N/A;01;1.01.2021
M2E2WN02;M3E2LN06;1;Laser Cut (Lazer);St37;N/A;N/A;01;1.01.2021
M2E2WN02;M3E2BN03;1;Bending (Büküm);St37;N/A;M3E2LN05;01;1.01.2021
M3E2BN03;M3E2LN05;1;Laser Cut (Lazer);St37;N/A;N/A;01;1.01.2021
M2E1AN01;M3E2PB06;2;Cataphoresis (Kataforez);N/A;N/A;M3E2LN07;01;1.01.2021
M3E2PB06;M3E2LN07;1;Laser Cut (Lazer);St37;N/A;N/A;01;1.01.2021
M2E1AN01;M3E2TN11;2;Lathe (Torna);POM (Derlin) - BLACK Colour;Ø16 x 62mm;RPCSB016;01;1.01.2021
M2E1AN01;M3E2PB10;2;Cataphoresis (Kataforez);N/A;N/A;M3E2MN06;01;1.01.2021
M3E2PB10;M3E2MN06;1;Milling (Freze);St37;N/A;M3E2LN11;01;1.01.2021
M3E2MN06;M3E2LN11;1;Laser Cut (Lazer);St37;N/A;N/A;01;1.01.2021
M2E1AN01;M3E2MN03;6;Milling (Freze);EN 1.4305 - AISI 303;N/A;M3E2TN09;02;4.11.2022
M3E2MN03;M3E2TN09;1;Lathe (Torna);EN 1.4305 - AISI 303;Ø14 x 36mm;RSCNB014;02;4.11.2022
M2E1AN01;M3E2TN06;1;Lathe (Torna);EN 1.4305 - AISI 303;Ø14 x 300mm;RSCNB014;01;1.01.2021
M2E1AN01;M3E2PB05;2;Cataphoresis (Kataforez);N/A;N/A;M3E2MN02;01;1.01.2021
M3E2PB05;M3E2MN02;1;Milling (Freze);SAE 1040 Cold Drawn;10x20 x 905mm;RCLNK120;01;1.01.2021
M2E1AN01;M3E2TN08;2;Lathe (Torna);POM (Derlin) - BLACK Colour;Ø16 x 75mm;RPCSB016;02;28.12.2021
M2E1AN01;M3E2PB04;1;Cataphoresis (Kataforez);N/A;N/A;M2E2WN03;01;1.01.2021
M3E2PB04;M2E2WN03;1;Welding (Kaynak);N/A;N/A;N/A;01;1.01.2021
M2E2WN03;M3E2LN06;1;Laser Cut (Lazer);St37;N/A;N/A;01;1.01.2021
M2E2WN03;M3E2BN04;1;Bending (Büküm);St37;N/A;M3E2LN05;01;1.01.2021
M3E2BN04;M3E2LN05;1;Laser Cut (Lazer);St37;N/A;N/A;01;1.01.2021
M2E1AN01;M3E2PB07;2;Cataphoresis (Kataforez);N/A;N/A;M3E2MN04;01;1.01.2021
M3E2PB07;M3E2MN04;1;Milling (Freze);St37;N/A;M3E2LN08;01;1.01.2021
M3E2MN04;M3E2LN08;1;Laser Cut (Lazer);St37;N/A;N/A;01;1.01.2021
M2E1AN01;M3E2PB08;2;Cataphoresis (Kataforez);N/A;N/A;M3E2MN05;01;1.01.2021
M3E2PB08;M3E2MN05;1;Milling (Freze);St37;N/A;M3E2LN09;01;1.01.2021
M3E2MN05;M3E2LN09;1;Laser Cut (Lazer);St37;N/A;N/A;01;1.01.2021
M2E1AN01;M3E2PB09;1;Cataphoresis (Kataforez);N/A;N/A;M3E2BN05;01;1.01.2021
M3E2PB09;M3E2BN05;1;Bending (Büküm);St37;N/A;M3E2LN10;01;1.01.2021
M3E2BN05;M3E2LN10;1;Laser Cut (Lazer);St37;N/A;N/A;01;1.01.2021
M2E1AN01;M3E2TN13;1;Lathe (Torna);EN 1.4305 - AISI 303;Ø12 x 258mm;RSCNB012;01;1.01.2021
M2E1AN01;M3E2PB11;2;Cataphoresis (Kataforez);N/A;N/A;M3E2MN07;01;1.01.2021
M3E2PB11;M3E2MN07;1;Milling (Freze);St37;N/A;M3E2LN12;01;1.01.2021
M3E2MN07;M3E2LN12;1;Laser Cut (Lazer);St37;N/A;N/A;01;1.01.2021
M2E1AN01;M3E2TN14;2;Lathe (Torna);POM (Derlin) - BLACK Colour;Ø16 x 18mm;RPCSB016;01;1.01.2021
M2E1AN01;M3E2TN12;1;Lathe (Torna);Aluminium 7075 T6;Ø30 x 600mm;RAC7K030;02;14.10.2022
M2E1AN01;M3E2PB12;1;Cataphoresis (Kataforez);N/A;N/A;M3E2BN06;01;1.01.2021
M3E2PB12;M3E2BN06;1;Bending (Büküm);St37;N/A;M3E2LN13;01;1.01.2021
M3E2BN06;M3E2LN13;1;Laser Cut (Lazer);St37;N/A;N/A;01;1.01.2021
TEKRMD_M1;M2TRSN01;1;Machining (İşleme);EN 1.4305 - AISI 303;N/A;M3TRLN01;02;19.10.2022
M2TRSN01;M3TRLN01;1;Laser Cut (Lazer);EN 1.4305 - AISI 303;N/A;N/A;01;1.01.2021
TEKRMD_M1;M3TRPN01;1;Painting (Boyama);N/A;N/A;M2TRHN01;01;1.01.2021
M3TRPN01;M2TRHN01;1;Machining (İşleme);EN 1.4305 - AISI 303;N/A;M3TRLN01;02;19.10.2022
M2TRHN01;M3TRLN01;1;Laser Cut (Lazer);EN 1.4305 - AISI 303;N/A;N/A;01;1.01.2021
TEKRMD_M1;P2CPAG17;1;Assembly (Montaj);N/A;N/A;N/A;01;1.01.2021
P2CPAG17;M1MGRN15;3;Off the shelf (Hazır);N/A;N/A;N/A;01;1.01.2021
P2CPAG17;P3CPPG17;1;Painting (Boyama);N/A;N/A;P3CPIN17;01;1.01.2021
P3CPPG17;P3CPIN17;1;Plastic Injection (Plastik Baskı);Lexan EXL 5689;N/A;P1RPGR02;01;1.01.2021
